Наименование,"Тип, марка, чертеж",Вес,Цена начальная,Цена без ндс,Цена с ндс,Наша наценка
Люк тяжелый  ,,"108,00  кг","6 908,00 ₽","8 289,60 ₽","9 947,52 ₽",
Корпус люка тяж,0009-6708/000000-01/СХР,"56,00  кг","3 582,00 ₽","4 298,40 ₽","5 158,08 ₽",
Крышка люка тяж.,0009-6777/000000/СХР,"52,00  кг","3 326,00 ₽","3 991,20 ₽","4 789,44 ₽",
Люк телефонный без стальной крышки ,,"73,80  кг","4 721,00 ₽","5 665,20 ₽","6 798,24 ₽",
Корпус люка телефонного без стальной крышки ,0009-6757/000001/СХР,"36,30  кг","2 323,00 ₽","2 787,60 ₽","3 345,12 ₽",
Крышка люка телефонного без стальной крышки ,0009-6754/000001-А/СХР,"37,50  кг","2 398,00 ₽","2 877,60 ₽","3 453,12 ₽",
Люк телефонный со стальной крышки ,,"78,80  кг","5 464,00 ₽","6 556,80 ₽","7 868,16 ₽",
Корпус люка телефонного со стальной крышки ,0009-6757/000001/СХР,"36,30  кг","2 323,00 ₽","2 787,60 ₽","3 345,12 ₽",
Крышка люка телефонного со стальной крышки ,0009-6754/000001-А/СХР,"37,50  кг","2 398,00 ₽","2 877,60 ₽","3 453,12 ₽",
Стальная крышка S=2MM люка,S1.5-2/СХР,"4,70  кг","743,00 ₽","891,60 ₽","1 069,92 ₽",
Люк плавающий обл.,,"216,00  кг","14 906,00 ₽","17 887,20 ₽","21 464,64 ₽",
Корпус люка плав. обл.,0200-0699/000000/СХР,"80,00  кг","4 806,00 ₽","5 767,20 ₽","6 920,64 ₽",
Мехобработка,0200-0699/000000/СХР,"80,00  кг","979,00 ₽","1 174,80 ₽","1 409,76 ₽",
Крышка люка плав. обл.,0009-6777/000000/СХР,"52,00  кг","3 326,00 ₽","3 991,20 ₽","4 789,44 ₽",
Мехобработка,0009-6777/000000/СХР,"52,00  кг","847,00 ₽","1 016,40 ₽","1 219,68 ₽",
Кольцо люка плав. обл.,0200-0566/000000/СХР,"84,00  кг","4 948,00 ₽","5 937,60 ₽","7 125,12 ₽",
Люк плавающий обл.,,"209,00  кг","16 400,00 ₽","19 680,00 ₽","23 616,00 ₽",
Корпус люка плав. обл.,0200-0699//000000/СХР,"80,00  кг","4 806,00 ₽","5 767,20 ₽","6 920,64 ₽",
Мехобработка,0200-0699//000000/СХР,"80,00  кг","979,00 ₽","1 174,80 ₽","1 409,76 ₽",
Решетка люка плав. обл.,0009-6756/000000/СХР,"45,20  кг","4 850,00 ₽","5 820,00 ₽","6 984,00 ₽",
Мехобработка,0009-6756/000000/СХР,"45,20  кг","817,00 ₽","980,40 ₽","1 176,48 ₽",
Кольцо люка плав. обл.,0200-0566/000000/СХР,"84,00  кг","4 948,00 ₽","5 937,60 ₽","7 125,12 ₽",
Ливневая решетка,,"80,00  кг","8 582,00 ₽","10 298,40 ₽","12 358,08 ₽",
Корпус люка,0009-6727/СХР,"46,00  кг","4 935,00 ₽","5 922,00 ₽","7 106,40 ₽",
Решетка люка,0009-6726/СХР,"34,00  кг","3 647,00 ₽","4 376,40 ₽","5 251,68 ₽",
Ливневая круглая магистральная,,"101,20  кг","8 432,00 ₽","10 118,40 ₽","12 142,08 ₽",
Корпус люка,0009-6708/000000-01/СХР,"56,00  кг","3 582,00 ₽","4 298,40 ₽","5 158,08 ₽",
Решетка люка,0009-6756/000000/СХР,"45,20  кг","4 850,00 ₽","5 820,00 ₽","6 984,00 ₽",
Дождеприемник,,"104,00  кг","11 156,00 ₽","13 387,20 ₽","16 064,64 ₽",
Корпус люка,0200-0558/000000/СХР,"64,00  кг","6 866,00 ₽","8 239,20 ₽","9 887,04 ₽",
Решетка люка,0200-0559/000000/СХР,"40,00  кг","4 290,00 ₽","5 148,00 ₽","6 177,60 ₽",
Люк телефонный тяжелый,,"141,00  кг","9 075,00 ₽","10 890,00 ₽","13 068,00 ₽",
Корпус люка телефонный тяжелый,0200-0624/00.00.01/СХР,"70,00  кг","4 510,00 ₽","5 412,00 ₽","6 494,40 ₽",
Крышка люка телефонный тяжелый,0200-0624/00.00.02/СХР,"71,00  кг","4 565,00 ₽","5 478,00 ₽","6 573,60 ₽",
Люк для колодцев дачный,,"44,60  кг","3 015,00 ₽","3 618,00 ₽","4 341,60 ₽",
Корпус люка для колодцев,0152.655.00/359/СХР,"21,60  кг","1 370,00 ₽","1 644,00 ₽","1 972,80 ₽",
Крышка люка для колодцев,0153.590.00/СХР,"23,00  кг","1 645,00 ₽","1 974,00 ₽","2 368,80 ₽",
Люк средний,,"72,00  кг","4 769,00 ₽","5 722,80 ₽","6 867,36 ₽",
Корпус люка среднего,0200-0562/000000/СХР,"35,00  кг","2 165,00 ₽","2 598,00 ₽","3 117,60 ₽",
Крышка люка среднего,0200-0561/000000/СХР,"37,00  кг","2 604,00 ₽","3 124,80 ₽","3 749,76 ₽",
Люк парковый,,"97,00  кг","6 879,00 ₽","8 254,80 ₽","9 905,76 ₽",
Корпус паркового люка,0200-0670/000000/СХР,"60,00  кг","4 275,00 ₽","5 130,00 ₽","6 156,00 ₽",
Крышка люка среднего,0200-0561/000000/СХР,"37,00  кг","2 604,00 ₽","3 124,80 ₽","3 749,76 ₽",
Люк легкий,,"53,90  кг","3 921,00 ₽","4 705,20 ₽","5 646,24 ₽",
Корпус люка легкого,0200-0707/000000/СХР,"24,30  кг","1 770,00 ₽","2 124,00 ₽","2 548,80 ₽",
Крышка ляка легкого,0200-0706/000000/СХР,"29,60  кг","2 151,00 ₽","2 581,20 ₽","3 097,44 ₽",
Люк тяжелый облег с замком,,"96,00  кг","9 917,00 ₽","11 900,40 ₽","14 280,48 ₽",
Корпус люка тяжелого облег,0200-0636/000000/СХР,"42,00  кг","2 913,00 ₽","3 495,60 ₽","4 194,72 ₽",
Крышка люка тяжел облег,0200-0637/000000/СХР,"54,00  кг","5 662,00 ₽","6 794,40 ₽","8 153,28 ₽",
Мехобработка,0200-0637/000000/СХР,"54,00  кг","847,00 ₽","1 016,40 ₽","1 219,68 ₽",
Замковое устройство корпуса,Б/Ч/СХР,"0,08  кг","495,00 ₽","594,00 ₽","712,80 ₽",
Люк тяжелый Н-80,,"97,00  кг","6 203,00 ₽","7 443,60 ₽","8 932,32 ₽",
Корпус люка тяж.Н-80,0200-0799/000000/СХР,"45,00  кг","2 877,00 ₽","3 452,40 ₽","4 142,88 ₽",
Крышка люка тяж.Н-80,0009-6777/000000/СХР,"52,00  кг","3 326,00 ₽","3 991,20 ₽","4 789,44 ₽",
Люк 207/Ф770,,"52,60  кг","3 796,00 ₽","4 555,20 ₽","5 466,24 ₽",
Корпус люка 207,0200-0821/000000/СХР,"29,60  кг","2 151,00 ₽","2 581,20 ₽","3 097,44 ₽",
Крышка люка 207,0153.590.00/770/СХР,"23,00  кг","1 645,00 ₽","1 974,00 ₽","2 368,80 ₽",
Люк магистральный,,"132,00  кг","11 735,00 ₽","14 082,00 ₽","16 898,40 ₽",
Корпус люка магист.,0009-6708/000000-01/СХР,"56,00  кг","3 582,00 ₽","4 298,40 ₽","5 158,08 ₽",
Крышка люка магист.,0200-0620/000000/СХР,"76,00  кг","8 153,00 ₽","9 783,60 ₽","11 740,32 ₽",
Люк плавающий магистральный,,"240,00  кг","19 733,00 ₽","23 679,60 ₽","28 415,52 ₽",
Корпус люка плав.магист.,0200-0699/000000/СХР,"80,00  кг","4 806,00 ₽","5 767,20 ₽","6 920,64 ₽",
Мехообработка,0200-0699/000000/СХР,"80,00  кг","979,00 ₽","1 174,80 ₽","1 409,76 ₽",
Крышка люка плав.магист.,0200-0620/000000/СХР,"76,00  кг","8 153,00 ₽","9 783,60 ₽","11 740,32 ₽",
Мехобработка,0200-0620/000000/СХР,"76,00  кг","847,00 ₽","1 016,40 ₽","1 219,68 ₽",
 Кольцо люка плав.магист.,0200-0566/000000/СХР,"84,00  кг","4 948,00 ₽","5 937,60 ₽","7 125,12 ₽",
Люк телефонный со стальной крышкой,,"85,30  кг","7 787,00 ₽","9 344,40 ₽","11 213,28 ₽",
Корпус люка телеф.со ст.крышкой,0009-6757/000001/СХР,"36,30  кг","2 323,00 ₽","2 787,60 ₽","3 345,12 ₽",
Крышка люка телеф.со ст.кр.,0009-6754/СХР,"44,00  кг","4 721,00 ₽","5 665,20 ₽","6 798,24 ₽",
Стальная крышка S=2MM люка,S1.5-2/СХР,"4,70  кг","743,00 ₽","891,60 ₽","1 069,92 ₽",
Дождеприемник ДБ-2,,"108,50  кг","11 643,00 ₽","13 971,60 ₽","16 765,92 ₽",
Корпус дождеприемн.магист.(люка),0200-0919/000000/СХР,"62,00  кг","6 653,00 ₽","7 983,60 ₽","9 580,32 ₽",
Решетка дождеприемника (люка),0200-1020/000000/СХР,"46,50  кг","4 990,00 ₽","5 988,00 ₽","7 185,60 ₽",
Люк плавающий с замков.устройст.,,"219,10  кг","17 433,00 ₽","20 919,60 ₽","25 103,52 ₽",
Корпус люка,0200-0699/000000/3/СХР,"80,00  кг","4 806,00 ₽","5 767,20 ₽","6 920,64 ₽",
Мехобработка,0200-0699/000000/3/СХР,"80,00  кг","979,00 ₽","1 174,80 ₽","1 409,76 ₽",
Крышка тяжёлого люка (исп.5),0200-0637/000000/3/СХР,"54,00  кг","5 662,00 ₽","6 794,40 ₽","8 153,28 ₽",
Кольцо неподвижное люка,0200-0566/000000/3/СХР,"84,00  кг","4 948,00 ₽","5 937,60 ₽","7 125,12 ₽",
Замок №1(комплект 2 шт.),0200-0700/010000/СХР,"1,10  кг","1 038,00 ₽","1 245,60 ₽","1 494,72 ₽",
Люк плавающий с замков.устройст.,,"217,1","15 944,00 ₽","19 132,80 ₽","22 959,36 ₽",
Корпус люка,0200-0699/000000/3/СХР,"80,00  кг","4 806,00 ₽","5 767,20 ₽","6 920,64 ₽",
Мехобработка,0200-0699/000000/3/СХР,"80,00  кг","979,00 ₽","1 174,80 ₽","1 409,76 ₽",
Крышка люка,0200-6777/000000/3/СХР,"52,00  кг","3 326,00 ₽","3 991,20 ₽","4 789,44 ₽",
Мехобработка,0200-6777/000000/3/СХР,"52,00  кг","847,00 ₽","1 016,40 ₽","1 219,68 ₽",
Кольцо неподвижное люка,0200-0566/000000/3/СХР,"84,00  кг","4 948,00 ₽","5 937,60 ₽","7 125,12 ₽",
Замок №1(комплект 2 шт.),0200-0700/010000/СХР,"1,10  кг","1 038,00 ₽","1 245,60 ₽","1 494,72 ₽",
Люк тяжёлый с замковым устройств.,,"111,10  кг","10 282,00 ₽","12 338,40 ₽","14 806,08 ₽",
Корпус люка тяж.,0009-6708/000000-01/3/СХР,"56,00  кг","3 582,00 ₽","4 298,40 ₽","5 158,08 ₽",
Крышка тяжелого люка(исп.5),0200-0637/000000/3/СХР,"54,00  кг","5 662,00 ₽","6 794,40 ₽","8 153,28 ₽",
Замок №1(комплект 2 шт.),0200-0700/010000/СХР,"1,10  кг","1 038,00 ₽","1 245,60 ₽","1 494,72 ₽",
Люк тяжёлый с замковым устройств.,,"109,10  кг","8 925,00 ₽","10 710,00 ₽","12 852,00 ₽",
Корпус люка,0009-6708/000000-01/3/СХР,"56,00  кг","3 582,00 ₽","4 298,40 ₽","5 158,08 ₽",
Мехобработка,0009-6708/000000-01/3/СХР,"56,00  кг","979,00 ₽","1 174,80 ₽","1 409,76 ₽",
Крышка люка,0009-6777/000000/3/СХР,"52,00  кг","3 326,00 ₽","3 991,20 ₽","4 789,44 ₽",
Замок №1(комплект 2 шт.),0200-0700/010000/СХР,"1,10  кг","1 038,00 ₽","1 245,60 ₽","1 494,72 ₽",
Люк сверхтяжёлый,,"132,00  кг","15 903,00 ₽","19 083,60 ₽","22 900,32 ₽",
Корпус люка,0009-6708/000000-01/СХР,"56,00  кг","3 582,00 ₽","4 298,40 ₽","5 158,08 ₽",
Мехобработка,0009-6708/000000-01/СХР,"56,00  кг","979,00 ₽","1 174,80 ₽","1 409,76 ₽",
Крышка люка,0200-0620/000000 ВЧ/СХР,"76,00  кг","10 363,00 ₽","12 435,60 ₽","14 922,72 ₽",
Мехобработка,0200-0620/000000 ВЧ/СХР,"76,00  кг","979,00 ₽","1 174,80 ₽","1 409,76 ₽",
Люк телефон.В125 с запорн.устр.,,"88,80  кг","7 775,00 ₽","9 330,00 ₽","11 196,00 ₽",
Корпус люка,0200-0701/000001/СХР,"39,40  кг","2 701,00 ₽","3 241,20 ₽","3 889,44 ₽",
Крышка люка,0200-0701/000002/СХР,"47,00  кг","3 232,00 ₽","3 878,40 ₽","4 654,08 ₽",
Замок №2(комплект 2 шт.),0200-0701/010000/СХР,"0,67  кг","744,00 ₽","892,80 ₽","1 071,36 ₽",
Ключ для крышки люка,0307-6832/000000/СХР,"1,70  кг","1 098,00 ₽","1 317,60 ₽","1 581,12 ₽",
Дождеприемник ДМ-2,,"74,60  кг","5 438,00 ₽","6 525,60 ₽","7 830,72 ₽",
Корпус дождеприемника (люка),0200-0593/000000/К/СХР,"45,00  кг","3 280,00 ₽","3 936,00 ₽","4 723,20 ₽",
Решетка дождеприемника (люка),0200-0594/000000/К/СХР,"29,60  кг","2 158,00 ₽","2 589,60 ₽","3 107,52 ₽",
Решетка ДМ-2 ВЧ ШГ,0200-1159/000000/СХР,"32,50  кг","4 281,00 ₽","5 137,20 ₽","6 164,64 ₽",
Кольцо неподвижное ,0200-1103/000000/СХР,"58,00  кг","3 585,00 ₽","4 302,00 ₽","5 162,40 ₽",
Решётка (люка),0009-6756/000000 ВЧ/СХР,"45,20  кг","6 228,00 ₽","7 473,60 ₽","8 968,32 ₽",
Мехобработка,0009-6756/000000 ВЧ/СХР,"45,20  кг","817,00 ₽","980,40 ₽","1 176,48 ₽",
Крышка лёгкого люка,538/000000/СХР,"37,20  кг","3 990,00 ₽","4 788,00 ₽","5 745,60 ₽",
Крышка люка,0200-0637/000000 ВЧ/СХР,"54,00  кг","7 365,00 ₽","8 838,00 ₽","10 605,60 ₽",
Мехобработка,0200-0637/000000 ВЧ/СХР,"54,00  кг","979,00 ₽","1 174,80 ₽","1 409,76 ₽",
Решётка дождеприемника(люк),Л-1/СХР,"54,50  кг","5 847,00 ₽","7 016,40 ₽","8 419,68 ₽",
Решётка(люка),0009-6792/000000/СХР,"6,02  кг","648,00 ₽","777,60 ₽","933,12 ₽",
Решётка(люка),ЛЛКШ00/3/СХР,"10,50  кг","1 113,00 ₽","1 335,60 ₽","1 602,72 ₽",
Решётка (люка),РК.00.001/СХР,"6,30  кг","670,00 ₽","804,00 ₽","964,80 ₽",
Решётка прямая (люка),750Х200Д5 ВЧ50/СХР,"13,70  кг","1 803,00 ₽","2 163,60 ₽","2 596,32 ₽",
Решётка прямая (люка),750Х200Д5 СЧ20/СХР,"13,70  кг","1 453,00 ₽","1 743,60 ₽","2 092,32 ₽",
Решётка прямая (люка),750Х250Д6 ВЧ50/СХР,"19,50  кг","2 566,00 ₽","3 079,20 ₽","3 695,04 ₽",
Решётка прямая (люка),750Х250Д6 СЧ20/СХР,"19,50  кг","2 070,00 ₽","2 484,00 ₽","2 980,80 ₽",
Решётка прямая (люка),750Х300Д7 ВЧ50/СХР,"24,70  кг","3 252,00 ₽","3 902,40 ₽","4 682,88 ₽",
Решётка прямая (люка),750Х300Д7 СЧ20/СХР,"24,70  кг","2 621,00 ₽","3 145,20 ₽","3 774,24 ₽",
Решётка прямая (люка),750Х350Д8 ВЧ50/СХР,"27,30  кг","3 595,00 ₽","4 314,00 ₽","5 176,80 ₽",
Решётка прямая (люка),750Х350Д8 СЧ20/СХР,"27,30  кг","2 896,00 ₽","3 475,20 ₽","4 170,24 ₽",
Решётка прямая (люка),750Х400Д9 ВЧ50/СХР,"34,60  кг","4 556,00 ₽","5 467,20 ₽","6 560,64 ₽",
Решётка прямая (люка),750Х400Д9 СЧ20/СХР,"34,60  кг","3 673,00 ₽","4 407,60 ₽","5 289,12 ₽",
Решётка прямая (люка),750Х500Д10 ВЧ50/СХР,"44,00  кг","5 792,00 ₽","6 950,40 ₽","8 340,48 ₽",
Решётка прямая (люка),750Х500Д10 СЧ20/СХР,"44,00  кг","4 670,00 ₽","5 604,00 ₽","6 724,80 ₽",
Стальная крышка люка,0009-6757/010000/СХР,"9,50  кг","1 354,00 ₽","1 624,80 ₽","1 949,76 ₽",
Воронка (люка),3.503.1-81.3-1-20М/СХР,"14,50  кг","1 590,00 ₽","1 908,00 ₽","2 289,60 ₽",
Решётка (люка),3.503.1-81.3-1-21/СХР,"13,50  кг","1 480,00 ₽","1 776,00 ₽","2 131,20 ₽",
Труба Ф80 (люка),0200-0616/000000-02/СХР,"15,30  кг","1 625,00 ₽","1 950,00 ₽","2 340,00 ₽",
Труба Ф100 (люка),0200-0616/000000-01/СХР,"18,50  кг","1 965,00 ₽","2 358,00 ₽","2 829,60 ₽",
Труба Ф150 (люка),0200-0616/000000/СХР,"26,50  кг","2 812,00 ₽","3 374,40 ₽","4 049,28 ₽",
Арка камина,9069-7689,"78,40  кг","9 894,00 ₽","11 872,80 ₽","14 247,36 ₽",
Вьюшка Ф230,09С233,"5,75  кг","740,00 ₽","888,00 ₽","1 065,60 ₽",
Дверка надплиточная,9069-7828/000000,"23,57  кг","3 595,00 ₽","4 314,00 ₽","5 176,80 ₽",
Дверка с солнышком,16С263,"2,80  кг","622,00 ₽","746,40 ₽","895,68 ₽",
Грунтовка,16С263,"2,80  кг","80,00 ₽","96,00 ₽","115,20 ₽",
Дверка спаренная,1С168,"14,56  кг","2 302,00 ₽","2 762,40 ₽","3 314,88 ₽",
Грунтовка,1С168,"14,56  кг","294,00 ₽","352,80 ₽","423,36 ₽",
"Дверка топочная ""Полесье""",14С248,"3,27  кг","518,00 ₽","621,60 ₽","745,92 ₽",
Грунтовка,14С248,"3,27  кг","73,00 ₽","87,60 ₽","105,12 ₽",
Дверка топочная ДТ-2а,0С150,"2,30  кг","486,00 ₽","583,20 ₽","699,84 ₽",
Грунтовка,0С150,"2,30  кг","60,00 ₽","72,00 ₽","86,40 ₽",
Дверка топочная ДТ-5,7С46,"5,03  кг","839,00 ₽","1 006,80 ₽","1 208,16 ₽",
Грунтовка,7С46,"5,03  кг","114,00 ₽","136,80 ₽","164,16 ₽",
Дверка топочная ДТ-7а,7С47,"7,73  кг","1 107,00 ₽","1 328,40 ₽","1 594,08 ₽",
Грунтовка,7С47,"7,73  кг","144,00 ₽","172,80 ₽","207,36 ₽",
"Дверка топочная с ""Медведем""",5С233,"14,88  кг","1 956,00 ₽","2 347,20 ₽","2 816,64 ₽",
Грунтовка,5С233,"14,88  кг","262,00 ₽","314,40 ₽","377,28 ₽",
Духовка д-3/Чугунная,2С177/Г,"65,10  кг","8 541,00 ₽","10 249,20 ₽","12 299,04 ₽",
Грунтовка,2С177/Г,"65,10  кг","375,00 ₽","450,00 ₽","540,00 ₽",
Духовка/Чугунная,3С201/Г,"39,96  кг","5 438,00 ₽","6 525,60 ₽","7 830,72 ₽",
Грунтовка,3С201/Г,"39,96  кг","176,00 ₽","211,20 ₽","253,44 ₽",
Задвижка 3В-2,0С151,"3,45  кг","650,00 ₽","780,00 ₽","936,00 ₽",
Задвижка,9069-6077/000000,"2,41  кг","405,00 ₽","486,00 ₽","583,20 ₽",
"Каминная решетка ""Дракон""",1С172,"28,28  кг","2 811,00 ₽","3 373,20 ₽","4 047,84 ₽",
"Колосник КУ4, L300ММ",4С214,"1,14  кг","134,00 ₽","160,80 ₽","192,96 ₽",
"Колосник КУ5, L350ММ",4С215,"1,31  кг","153,00 ₽","183,60 ₽","220,32 ₽",
Колосник,28.00.00.00.16,"16,50  кг","1 932,00 ₽","2 318,40 ₽","2 782,08 ₽",
Колосник,"420,00  кг","1,32  кг","170,00 ₽","204,00 ₽","244,80 ₽",
Конфорка (Ф417),9069-7272/000002,"5,10  кг","597,00 ₽","716,40 ₽","859,68 ₽",
Конфорка барбекю,9069-7443/000000-01,"5,10  кг","656,00 ₽","787,20 ₽","944,64 ₽",
Конфорка глухая для плит Ф90,9069-7505/000000 СЧ20,"0,35  кг","45,00 ₽","54,00 ₽","64,80 ₽",
Конфорка двусторонняя для плиты,9069-7466/000000,"12,00  кг","1 544,00 ₽","1 852,80 ₽","2 223,36 ₽",
Конфорка для плит Ф-170,9069-7504/000003 СЧ20,"0,95  кг","122,00 ₽","146,40 ₽","175,68 ₽",
Конфорка для плит Ф-250,9069-7504/000002 СЧ20,"2,20  кг","283,00 ₽","339,60 ₽","407,52 ₽",
Конфорка для плит Ф-280,9069-7504/000001 СЧ20,"2,50  кг","322,00 ₽","386,40 ₽","463,68 ₽",
Конфорка для плит Ф-330,9069-7504/000000 СЧ20,"2,40  кг","309,00 ₽","370,80 ₽","444,96 ₽",
Конфорка зубчатая Ф-250,9069-7479/000000 СЧ20,"2,80  кг","361,00 ₽","433,20 ₽","519,84 ₽",
Конфорка зубчатая Ф-280,9069-7478/000000 СЧ20,"3,20  кг","412,00 ₽","494,40 ₽","593,28 ₽",
Конфорка зубчатая Ф-330,9069-7477/000000 СЧ20,"5,00  кг","643,00 ₽","771,60 ₽","925,92 ₽",
Конфорка Ф120 ММ,9069-5830/000002,"0,40  кг","52,00 ₽","62,40 ₽","74,88 ₽",
Конфорка Ф200 ММ,9069-5830/000001,"1,50  кг","193,00 ₽","231,60 ₽","277,92 ₽",
Конфорка Ф280 ММ,9069-5830/000001,"2,00  кг","257,00 ₽","308,40 ₽","370,08 ₽",
Мангал разборный,9069-6762/000000СБ,"57,40  кг","12 605,00 ₽","15 126,00 ₽","18 151,20 ₽",
Грунтовка,9069-6762/000000СБ,"57,40  кг","874,00 ₽","1 048,80 ₽","1 258,56 ₽",
Мангал с крышкой,9069-7168/000000СБ,"80,60  кг","13 704,00 ₽","16 444,80 ₽","19 733,76 ₽",
Грунтовка,9069-7168/000000СБ,"80,60  кг","872,00 ₽","1 046,40 ₽","1 255,68 ₽",
"Панель каминная ""Прибалтика"" вариант 2",14С251,"25,70  кг","4 761,00 ₽","5 713,20 ₽","6 855,84 ₽",
Грунтовка,14С251,"25,70  кг","634,00 ₽","760,80 ₽","912,96 ₽",
"Панель каминная ""Прибалтика"" вариант 1",2С188,"32,90  кг","6 009,00 ₽","7 210,80 ₽","8 652,96 ₽",
Грунтовка,2С188,"32,90  кг","619,00 ₽","742,80 ₽","891,36 ₽",
Печь дачная,9069-5925,"71,30  кг","9 831,00 ₽","11 797,20 ₽","14 156,64 ₽",
Печь садовая,9069-6582/000000,"99,34  кг","12 643,00 ₽","15 171,60 ₽","18 205,92 ₽",
Печь финской бани,9069-5829,"177,70  кг","26 760,00 ₽","32 112,00 ₽","38 534,40 ₽",
Грунтовка,9069-5830,"177,70  кг","1 229,00 ₽","1 474,80 ₽","1 769,76 ₽",
Плита глухая ПО-10,9069-7385/000000,"22,50  кг","2 634,00 ₽","3 160,80 ₽","3 792,96 ₽",
Плита глухая ПО-9,9069-7384,"11,50  кг","1 480,00 ₽","1 776,00 ₽","2 131,20 ₽",
Плита двухкон. П-2-5,14С246,"23,80  кг","2 854,00 ₽","3 424,80 ₽","4 109,76 ₽",
Плита двухкон. 710Х410,9069-7593/000000-02,"20,60  кг","2 651,00 ₽","3 181,20 ₽","3 817,44 ₽",
Плита двухкон. 710Х410,9069-7593/000000,"21,90  кг","2 818,00 ₽","3 381,60 ₽","4 057,92 ₽",
Плита двухкон. 762Х456,9069-7593/000000-01,"27,40  кг","3 317,00 ₽","3 980,40 ₽","4 776,48 ₽",
Плита двухкон. 762Х456,9069-7593/000000-03,"25,80  кг","3 111,00 ₽","3 733,20 ₽","4 479,84 ₽",
Плита однокон. П1-2 в сборе,9069-7390/000000,"11,10  кг","1 429,00 ₽","1 714,80 ₽","2 057,76 ₽",
Плита П2-0-4,9С149,"8,00  кг","640,00 ₽","768,00 ₽","921,60 ₽",
Плита печная,BCL.98-01 710Х410 СЧ20,"19,50  кг","2 510,00 ₽","3 012,00 ₽","3 614,40 ₽",
Плита печная,BCL.98-01 762Х456 СЧ21,"27,00  кг","3 161,00 ₽","3 793,20 ₽","4 551,84 ₽",
Плита под казан,9069-7272/000000,"32,90  кг","3 898,00 ₽","4 677,60 ₽","5 613,12 ₽",
Плита полуглухая П1-3а в сборе,9069-7391/000000,"24,90  кг","3 205,00 ₽","3 846,00 ₽","4 615,20 ₽",
Полудверка топочная ПДТ-9,7С48,"4,08  кг","709,00 ₽","850,80 ₽","1 020,96 ₽",
Грунтовка,7С48,"4,08  кг","91,00 ₽","109,20 ₽","131,04 ₽",
Пушка декоративная сувенирная малая,9069-6853/000000,"9,12  кг","11 308,00 ₽","13 569,60 ₽","16 283,52 ₽",
Рамка для колосник (Большая),4С208,"4,10  кг","331,00 ₽","397,20 ₽","476,64 ₽",
Рамка для колосник (Маленькая),4С207,"3,85  кг","322,00 ₽","386,40 ₽","463,68 ₽",
"Решетка ""Дракон""",9069-6181/000001,"6,00  кг","438,00 ₽","525,60 ₽","630,72 ₽",
Решетка камина,7С49,"25,00  кг","3 786,00 ₽","4 543,20 ₽","5 451,84 ₽",
Грунтовка,7С49,"25,00  кг","631,00 ₽","757,20 ₽","908,64 ₽",
Решетка каминная,9069-7350/000000,"26,70  кг","4 778,00 ₽","5 733,60 ₽","6 880,32 ₽",
Грунтовка,9069-7350/000000,"26,70  кг","675,00 ₽","810,00 ₽","972,00 ₽",
Решетка колосник печки дачной,9069-5925/000007,"8,00  кг","1 030,00 ₽","1 236,00 ₽","1 483,20 ₽",
Решетка колосник (усиленная),4С210,"11,70  кг","1 370,00 ₽","1 644,00 ₽","1 972,80 ₽",
Решетка колосниковая РКК-4,4С209,"5,80  кг","679,00 ₽","814,80 ₽","977,76 ₽",
Решетка колосниковая РКК-5,4С206,"6,20  кг","726,00 ₽","871,20 ₽","1 045,44 ₽",
Решетка колосниковая РУ-7,7С26,"5,10  кг","656,00 ₽","787,20 ₽","944,64 ₽",
Решетка колосниковая,9069-6976/000000,"13,60  кг","1 750,00 ₽","2 100,00 ₽","2 520,00 ₽",
Тиски слесарные поворотные,9069-7216/000000-01,"32,28  кг","12 086,00 ₽","14 503,20 ₽","17 403,84 ₽",
Тиски слесарные поворотные,9069-7216/000000,"33,05  кг","12 463,00 ₽","14 955,60 ₽","17 946,72 ₽",
"Балясина ""Новая""",9069-6285/000000,"9,30  кг","1 089,00 ₽","1 306,80 ₽","1 568,16 ₽",
Балясина для остановок,9069-6045/000001,"16,10  кг","1 885,00 ₽","2 262,00 ₽","2 714,40 ₽",
Беседка 6 гранная с решеткой Санкт-Петербург,9069-6295,"827,51  кг","174 058,00 ₽","208 869,60 ₽","250 643,52 ₽",
Беседка парковая 8 гранная,9069-6114,"1 203,00  кг","237 173,00 ₽","284 607,60 ₽","341 529,12 ₽",
"Беседка с ажурным сводом ""Барокко""",9069-6148,"4 391,00  кг","755 625,00 ₽","906 750,00 ₽","1 088 100,00 ₽",
Ваза-цветочница,9069-7211/000000,"224,30  кг","34 212,00 ₽","41 054,40 ₽","49 265,28 ₽",
Ковер газовый большой,0200-0794/000000,"37,80  кг","6 638,00 ₽","7 965,60 ₽","9 558,72 ₽",
Ковер газовый малый,0200-0793/000000,"18,35  кг","2 792,00 ₽","3 350,40 ₽","4 020,48 ₽",
Обрамление вокруг дерева,Р.1500Х1500,"200,00  кг","25 616,00 ₽","30 739,20 ₽","36 887,04 ₽",
Обрамление для дерева,0200-0902/000000 СЧ20,"180,00  кг","21 236,00 ₽","25 483,20 ₽","30 579,84 ₽",
Плита напольная,250Х250Х30,"6,73  кг","794,00 ₽","952,80 ₽","1 143,36 ₽",
Плита напольная,550Х550Х60,"46,60  кг","5 498,00 ₽","6 597,60 ₽","7 917,12 ₽",
Пушка большая,9069-6089,"1 970,00  кг","392 800,00 ₽","471 360,00 ₽","565 632,00 ₽",
Пушка малая,9069-6366,"463,00  кг","141 539,00 ₽","169 846,80 ₽","203 816,16 ₽",
Решетка для животновод ферм,534/000000,"60,00  кг","3 930,00 ₽","4 716,00 ₽","5 659,20 ₽",
Решетка для свинофермы,0009-6778,"20,00  кг","1 537,00 ₽","1 844,40 ₽","2 213,28 ₽",
"Решетка забора ""Санкт-Петербург""",900Х480,"22,00  кг","2 575,00 ₽","3 090,00 ₽","3 708,00 ₽",
"Решетка забора ""Санкт-Петербург""",9069-6113/000001,"21,30  кг","1 755,00 ₽","2 106,00 ₽","2 527,20 ₽",
Решетка забора 1080Х375Х20,9069-7095,"23,00  кг","2 097,00 ₽","2 516,40 ₽","3 019,68 ₽",
Решетка метро,0200-0684/000000,"25,50  кг","3 009,00 ₽","3 610,80 ₽","4 332,96 ₽",
"Решетка ограждения ""Кронштад""",1230Х880,"74,00  кг","13 417,00 ₽","16 100,40 ₽","19 320,48 ₽",
"Решетка ограждения ""Надзея""",610Х620,"27,00  кг","3 161,00 ₽","3 793,20 ₽","4 551,84 ₽",
"Скамья ""Голландия""",9069-7378/000000,"132,00  кг","24 702,00 ₽","29 642,40 ₽","35 570,88 ₽",
"Скамья ""Дракон""",9069-6179,"66,00  кг","9 470,00 ₽","11 364,00 ₽","13 636,80 ₽",
"Скамья ""Жемчужина""",9069-7402/000000,"117,00  кг","16 774,00 ₽","20 128,80 ₽","24 154,56 ₽",
"Скамья ""Лебедушка"" L1700мм",9069-7183/000000,"60,00  кг","10 033,00 ₽","12 039,60 ₽","14 447,52 ₽",
"Скамья ""Лебедушка"" тип 2",9069-7307/000000,"66,00  кг","11 009,00 ₽","13 210,80 ₽","15 852,96 ₽",
"Скамья ""Лира""",9069-7172/000000,"33,40  кг","5 124,00 ₽","6 148,80 ₽","7 378,56 ₽",
"Скаья ""Мишель""",9069-6568,"60,40  кг","7 947,00 ₽","9 536,40 ₽","11 443,68 ₽",
"Скамья ""Ретро"" 2700Х1020Х715",9069-6146/2,"148,30  кг","70 749,00 ₽","84 898,80 ₽","101 878,56 ₽",
"Скамья ""Столичная""",9069-7403,"120,00  кг","24 175,00 ₽","29 010,00 ₽","34 812,00 ₽",
Скамья классическая,9069-7171/000000,"41,00  кг","6 721,00 ₽","8 065,20 ₽","9 678,24 ₽",
"Скамья ""Голландия"" 2000Х910Х800",9069-6436,"126,00  кг","13 373,00 ₽","16 047,60 ₽","19 257,12 ₽",
Скамья вокруг дерева,9069-6559/000000А,"162,00  кг","65 385,00 ₽","78 462,00 ₽","94 154,40 ₽",
Скамья дачная,9069-6065/000000,"22,00  кг","3 780,00 ₽","4 536,00 ₽","5 443,20 ₽",
"Скамья парковая ""Аллея""",9069-7324/000000,"45,00  кг","10 567,00 ₽","12 680,40 ₽","15 216,48 ₽",
"Скамья парковая ""Спатканне"" тип 3",9069-7144/000000,"38,00  кг","8 633,00 ₽","10 359,60 ₽","12 431,52 ₽",
"Скамья парковая ""Кошка""",9069-7245/000000,"160,00  кг","26 092,00 ₽","31 310,40 ₽","37 572,48 ₽",
Скамья полукруг на 6-ти опорах,9069-6838,"373,00  кг","61 556,00 ₽","73 867,20 ₽","88 640,64 ₽",
Скамья с поручнями 1600Х770Х585,9069-5929,"50,60  кг","10 346,00 ₽","12 415,20 ₽","14 898,24 ₽",
Скамья 2000Х350Х640,9069-5902,"124,00  кг","18 917,00 ₽","22 700,40 ₽","27 240,48 ₽",
Скамья 2000Х590Х540,9069-6398,"146,00  кг","22 483,00 ₽","26 979,60 ₽","32 375,52 ₽",
Скамья 2000Х710Х675,9069-5874,"43,00  кг","10 278,00 ₽","12 333,60 ₽","14 800,32 ₽",
Скамья 2000Х710Х675,9069-6191,"43,00  кг","10 688,00 ₽","12 825,60 ₽","15 390,72 ₽",
Скамья 3000Х710Х675,9069-6365,"64,50  кг","15 199,00 ₽","18 238,80 ₽","21 886,56 ₽",
Столб ограждения с крючками,9069-6475/000000,"52,30  кг","14 086,00 ₽","16 903,20 ₽","20 283,84 ₽",
Торшер 2-х рожковый,9059-7109,"565,60  кг","213 064,00 ₽","255 676,80 ₽","306 812,16 ₽",
Торшер 3-х рожковый без фоноря,9069-6885,"235,90  кг","143 197,00 ₽","171 836,40 ₽","206 203,68 ₽",
Торшер однорожковый Н1720мм,9069-6425,"146,20  кг","73 826,00 ₽","88 591,20 ₽","106 309,44 ₽",
Торшер однорожковый Н2686мм,9069-6073,"240,90  кг","80 598,00 ₽","96 717,60 ₽","116 061,12 ₽",
Торшер однорожковый Н4100мм,9069-6904/000000А,"451,60  кг","167 512,00 ₽","201 014,40 ₽","241 217,28 ₽",
Торшер уличный Н1107мм,9069-6426,"124,30  кг","57 850,00 ₽","69 420,00 ₽","83 304,00 ₽",
"Торшер ""Одуванчик""",9069-7284/000000,"30,00  кг","12 677,00 ₽","15 212,40 ₽","18 254,88 ₽",
Торшер 2-х рожковый без фоноря,9069-6884А,"291,60  кг","116 003,00 ₽","139 203,60 ₽","167 044,32 ₽",
Торшер двухрожковый,9069-7283/000000,"367,80  кг","106 890,00 ₽","128 268,00 ₽","153 921,60 ₽",
Торшер однорожковый,9069-6725/000000,"113,50  кг","62 215,00 ₽","74 658,00 ₽","89 589,60 ₽",
"Торшер с плафоном ""Вашингтон""",9069-6622,"113,30  кг","68 151,00 ₽","81 781,20 ₽","98 137,44 ₽",
Указатель уличный с 1 стрелкой,9069-6029/000000,"98,95  кг","41 976,00 ₽","50 371,20 ₽","60 445,44 ₽",
Указатель уличный с 2 стрелками,9069-6029/000000-01,"114,15  кг","50 463,00 ₽","60 555,60 ₽","72 666,72 ₽",
Указатель уличный с 3 стрелками,9069-6029/000000-02,"129,35  кг","54 679,00 ₽","65 614,80 ₽","78 737,76 ₽",
Указатель уличный с 4 стрелками,9069-6029/000000-03,"114,14  кг","47 666,00 ₽","57 199,20 ₽","68 639,04 ₽",
"Урна ""Роза""",9069-7404/000000СБ,"103,60  кг","21 325,00 ₽","25 590,00 ₽","30 708,00 ₽",
Урна 630Х380,9069-5944,"92,00  кг","14 606,00 ₽","17 527,20 ₽","21 032,64 ₽",
Урна,0200-0770/000000,"55,00  кг","9 227,00 ₽","11 072,40 ₽","13 286,88 ₽",
Урна-пушка,9069-6198,"228,00  кг","42 574,00 ₽","51 088,80 ₽","61 306,56 ₽",
Фонарь (колпак Ал. большой),9069-5995,"12,09  кг","8 747,00 ₽","10 496,40 ₽","12 595,68 ₽",
Фонарь (колпак Ал. малый),9069-6165,"7,97  кг","6 145,00 ₽","7 374,00 ₽","8 848,80 ₽",
"Цветочница ""Мелодия""",9069-6014,"37,85  кг","6 914,00 ₽","8 296,80 ₽","9 956,16 ₽",
Цветочница высокая,9069-6216,"56,60  кг","13 303,00 ₽","15 963,60 ₽","19 156,32 ₽",
Элемент мостового ограждения,9069-6086,"15,50  кг","1 183,00 ₽","1 419,60 ₽","1 703,52 ₽",
